locations,count,rate,date,lat,lon
City of Agoura Hills,18,85.03,2020-04-05T00:00:00Z,34.1533395,-118.7616764
City of Alhambra,21,24.22,2020-04-05T00:00:00Z,34.095287,-118.1270146
City of Arcadia,14,24.56,2020-04-05T00:00:00Z,34.1397292,-118.0353449
City of Artesia,NA,NA,2020-04-05T00:00:00Z,33.8658484,-118.0831212
City of Avalon,0,0,2020-04-05T00:00:00Z,33.3428193,-118.3282279
City of Azusa,13,26.27,2020-04-05T00:00:00Z,34.1336186,-117.9075627
City of Baldwin Park,10,13.43,2020-04-05T00:00:00Z,34.0852868,-117.9608978
City of Bell,20,54.65,2020-04-05T00:00:00Z,33.9775142,-118.1870156
City of Bell Gardens,12,28.03,2020-04-05T00:00:00Z,33.9652918,-118.1514588
City of Bellflower,32,42.07,2020-04-05T00:00:00Z,33.8816818,-118.1170117
City of Beverly Hills,65,187.58,2020-04-05T00:00:00Z,34.0736204,-118.4003563
City of Bradbury,0,0,2020-04-05T00:00:00Z,34.1469511,-117.9708982
City of Burbank,70,66.86,2020-04-05T00:00:00Z,34.1808392,-118.3089661
City of Calabasas,20,82.7,2020-04-05T00:00:00Z,34.1367208,-118.6614809
City of Carson,83,88.54,2020-04-05T00:00:00Z,33.8316745,-118.281693
City of Cerritos,20,40.61,2020-04-05T00:00:00Z,33.8583483,-118.0647871
City of Claremont,5,13.84,2020-04-05T00:00:00Z,34.0966764,-117.7197785
City of Commerce,0,0,2020-04-05T00:00:00Z,34.0005691,-118.1597929
City of Compton,34,33.68,2020-04-05T00:00:00Z,33.8958492,-118.2200712
City of Covina,18,36.64,2020-04-05T00:00:00Z,34.0900091,-117.8903397
City of Cudahy,15,61.16,2020-04-05T00:00:00Z,33.9608646,-118.1857858
City of Culver City,26,64.43,2020-04-05T00:00:00Z,34.0211224,-118.3964665
City of Diamond Bar,12,21.01,2020-04-05T00:00:00Z,34.0286226,-117.8103367
City of Downey,68,59.75,2020-04-05T00:00:00Z,33.9401088,-118.1331593
City of Duarte,NA,NA,2020-04-05T00:00:00Z,34.1394513,-117.9772873
City of El Monte,18,15.83,2020-04-05T00:00:00Z,34.0686206,-118.0275667
City of El Segundo,7,42.22,2020-04-05T00:00:00Z,33.9191799,-118.4164652
City of Gardena,30,49.44,2020-04-05T00:00:00Z,33.8883487,-118.3089624
City of Glendale,129,63.99,2020-04-05T00:00:00Z,34.1425078,-118.255075
City of Glendora,14,26.8,2020-04-05T00:00:00Z,34.1361187,-117.865339
City of Hawaiian Gardens,NA,NA,2020-04-05T00:00:00Z,33.8314045,-118.0728424
City of Hawthorne,39,44.43,2020-04-05T00:00:00Z,33.9164032,-118.3525748
City of Hermosa Beach,17,86.25,2020-04-05T00:00:00Z,33.8622366,-118.3995194
City of Hidden Hills,0,0,2020-04-05T00:00:00Z,34.1648798,-118.6647537
City of Huntington Park,26,43.69,2020-04-05T00:00:00Z,33.9816812,-118.2250725
City of Industry,NA,NA,2020-04-05T00:00:00Z,34.0197335,-117.9586754
City of Inglewood,69,59.3,2020-04-05T00:00:00Z,33.9616801,-118.3531311
City of Irwindale,0,0,2020-04-05T00:00:00Z,34.1069527,-117.9353413
City of La Canada Flintridge,14,68.32,2020-04-05T00:00:00Z,34.2068182,-118.2000277
City of La Habra Heights,0,0,2020-04-05T00:00:00Z,33.9608461,-117.9506186
City of La Mirada,15,30.32,2020-04-05T00:00:00Z,33.9172357,-118.0120086
City of La Puente,12,29.72,2020-04-05T00:00:00Z,34.0200114,-117.9495083
City of La Verne,7,21.14,2020-04-05T00:00:00Z,34.1008426,-117.7678355
City of Lakewood,29,37.09,2020-04-05T00:00:00Z,33.8536269,-118.1339563
City of Lancaster,51,32.57,2020-04-05T00:00:00Z,34.6867846,-118.1541632
City of Lawndale,13,38.95,2020-04-05T00:00:00Z,33.887237,-118.3525744
City of Lomita,9,44.53,2020-04-05T00:00:00Z,33.7922392,-118.3150722
City of Lynwood,37,51.25,2020-04-05T00:00:00Z,33.930293,-118.2114603
City of Malibu,8,63.15,2020-04-05T00:00:00Z,34.0259216,-118.7797571
City of Manhattan Beach,46,130.79,2020-04-05T00:00:00Z,33.8847361,-118.4109089
City of Maywood,15,53.33,2020-04-05T00:00:00Z,33.9866807,-118.185349
City of Monrovia,11,29.36,2020-04-05T00:00:00Z,34.1442616,-118.0019482
City of Montebello,17,26.67,2020-04-05T00:00:00Z,34.0165053,-118.1137535
City of Monterey Park,15,24.54,2020-04-05T00:00:00Z,34.0625106,-118.1228476
City of Norwalk,49,46.73,2020-04-05T00:00:00Z,33.9022367,-118.081733
City of Palmdale,37,23.17,2020-04-05T00:00:00Z,34.5794343,-118.1164613
City of Palos Verdes Estates,23,168.29,2020-04-05T00:00:00Z,33.8005714,-118.3900737
City of Paramount,23,40.91,2020-04-05T00:00:00Z,33.8894598,-118.1597911
City of Pico Rivera,31,48.4,2020-04-05T00:00:00Z,33.9830688,-118.096735
City of Pomona,24,15.46,2020-04-05T00:00:00Z,34.055103,-117.7499909
City of Rancho Palos Verdes,28,65.26,2020-04-05T00:00:00Z,33.7444613,-118.3870173
City of Redondo Beach,64,92.33,2020-04-05T00:00:00Z,33.8491816,-118.3884078
City of Rolling Hills,NA,NA,2020-04-05T00:00:00Z,33.7569615,-118.3539613
City of Rolling Hills Estates,8,100.06,2020-04-05T00:00:00Z,33.7877943,-118.3581284
City of Rosemead,8,14.53,2020-04-05T00:00:00Z,34.0805651,-118.072846
City of San Dimas,9,26.46,2020-04-05T00:00:00Z,34.1066756,-117.8067257
City of San Fernando,9,36.79,2020-04-05T00:00:00Z,34.2819461,-118.4389719
City of San Gabriel,10,24.81,2020-04-05T00:00:00Z,34.0961111,-118.1058333
City of San Marino,5,36.99,2020-04-05T00:00:00Z,34.121397,-118.1064585
City of Santa Clarita,102,46.5,2020-04-05T00:00:00Z,34.3916641,-118.542586
City of Santa Fe Springs,NA,NA,2020-04-05T00:00:00Z,33.9472359,-118.0853451
City of Santa Monica,68,72.8,2020-04-05T00:00:00Z,34.0194543,-118.4911912
City of Sierra Madre,NA,NA,2020-04-05T00:00:00Z,34.1616729,-118.0528456
City of Signal Hill,NA,NA,2020-04-05T00:00:00Z,33.8044614,-118.1678456
City of South El Monte,NA,NA,2020-04-05T00:00:00Z,34.0519548,-118.0467339
City of South Gate,52,52.14,2020-04-05T00:00:00Z,33.954737,-118.2120161
City of South Pasadena,10,38.55,2020-04-05T00:00:00Z,34.1161196,-118.1503488
City of Temple City,9,24.66,2020-04-05T00:00:00Z,34.1072305,-118.0578456
City of Torrance,86,58.63,2020-04-05T00:00:00Z,33.8358492,-118.3406288
City of Vernon,0,0,2020-04-05T00:00:00Z,34.003903,-118.230073
City of Walnut,8,26.61,2020-04-05T00:00:00Z,34.0202894,-117.8653386
City of West Covina,12,11.14,2020-04-05T00:00:00Z,34.0686208,-117.9389526
City of West Hollywood,83,231.86,2020-04-05T00:00:00Z,34.0900091,-118.3617443
City of Westlake Village,NA,NA,2020-04-05T00:00:00Z,34.1466467,-118.8073729
City of Whittier,23,26.11,2020-04-05T00:00:00Z,33.9791793,-118.032844
Los Angeles,2659,65.91,2020-04-05T00:00:00Z,34.0522342,-118.2436849
Los Angeles - Adams-Normandie,13,153.18,2020-04-05T00:00:00Z,34.0343441,-118.2993138
Los Angeles - Alsace,NA,NA,2020-04-05T00:00:00Z,33.978611,-118.415556
Los Angeles - Angelino Heights,0,0,2020-04-05T00:00:00Z,34.0702889,-118.2547965
Los Angeles - Arleta,15,42.72,2020-04-05T00:00:00Z,34.2504595,-118.4338345
Los Angeles - Atwater Village,6,40.81,2020-04-05T00:00:00Z,34.1172904,-118.2614332
Los Angeles - Baldwin Hills,20,66.68,2020-04-05T00:00:00Z,34.006677,-118.3505779
Los Angeles - Bel Air,18,219.03,2020-04-05T00:00:00Z,34.1002455,-118.459463
Los Angeles - Beverly Crest,25,201.69,2020-04-05T00:00:00Z,34.1012952,-118.4162542
Los Angeles - Beverlywood,17,127.62,2020-04-05T00:00:00Z,34.0494132,-118.3952319
Los Angeles - Boyle Heights,37,42.41,2020-04-05T00:00:00Z,34.0297895,-118.2117257
Los Angeles - Brentwood,49,156.71,2020-04-05T00:00:00Z,34.0521011,-118.4732464
Los Angeles - Brookside,0,0,2020-04-05T00:00:00Z,34.0621509,-118.3384966
Los Angeles - Cadillac-Corning,NA,NA,2020-04-05T00:00:00Z,34.0456374,-118.3788626
Los Angeles - Canoga Park,32,50.24,2020-04-05T00:00:00Z,34.208254,-118.6058609
Los Angeles - Carthay,26,193.77,2020-04-05T00:00:00Z,34.0558382,-118.3680295
Los Angeles - Central,24,61.37,2020-04-05T00:00:00Z,34.0686748,-118.3228165
Los Angeles - Century City,23,189.89,2020-04-05T00:00:00Z,34.0536608,-118.4133894
Los Angeles - Century Palms/Cove,17,50.2,2020-04-05T00:00:00Z,33.9453293,-118.2732046
Los Angeles - Chatsworth,24,66.59,2020-04-05T00:00:00Z,34.2506356,-118.61481
Los Angeles - Cheviot Hills,10,107.94,2020-04-05T00:00:00Z,34.0403397,-118.4042014
Los Angeles - Chinatown,NA,NA,2020-04-05T00:00:00Z,34.0623339,-118.2383309
Los Angeles - Cloverdale/Cochran,10,66.64,2020-04-05T00:00:00Z,34.062379,-118.34657
Los Angeles - Country Club Park,12,77.9,2020-04-05T00:00:00Z,34.050289,-118.3211871
Los Angeles - Crenshaw District,9,65.44,2020-04-05T00:00:00Z,34.0181993,-118.3403506
Los Angeles - Crestview,23,200.94,2020-04-05T00:00:00Z,34.0478848,-118.3804254
Los Angeles - Del Rey,27,92.28,2020-04-05T00:00:00Z,33.9859958,-118.4249118
Los Angeles - Downtown,19,78.35,2020-04-05T00:00:00Z,34.040713,-118.2467693
Los Angeles - Eagle Rock,21,53.61,2020-04-05T00:00:00Z,34.1391568,-118.2140883
Los Angeles - East Hollywood,16,53.71,2020-04-05T00:00:00Z,34.091341,-118.2935891
Los Angeles - Echo Park,9,62.74,2020-04-05T00:00:00Z,34.0781593,-118.2605574
Los Angeles - El Sereno,18,43.12,2020-04-05T00:00:00Z,34.0735812,-118.1786407
Los Angeles - Elysian Park,5,86.48,2020-04-05T00:00:00Z,34.0838043,-118.2365812
Los Angeles - Elysian Valley,NA,NA,2020-04-05T00:00:00Z,34.0966545,-118.2426625
Los Angeles - Encino,39,91.69,2020-04-05T00:00:00Z,34.1517492,-118.5214282
Los Angeles - Exposition,0,0,2020-04-05T00:00:00Z,34.0149382,-118.2861984
Los Angeles - Exposition Park,28,61.96,2020-04-05T00:00:00Z,34.0149382,-118.2861984
Los Angeles - Faircrest Heights,NA,NA,2020-04-05T00:00:00Z,34.0476464,-118.3710307
Los Angeles - Figueroa Park Square,NA,NA,2020-04-05T00:00:00Z,34.048569,-118.2528917
Los Angeles - Florence-Firestone,28,57.32,2020-04-05T00:00:00Z,33.9671978,-118.2436197
Los Angeles - Glassell Park,30,95.59,2020-04-05T00:00:00Z,34.1090363,-118.2333778
Los Angeles - Gramercy Place,7,66.9,2020-04-05T00:00:00Z,33.9909566,-118.3138655
Los Angeles - Granada Hills,27,46.57,2020-04-05T00:00:00Z,34.2793576,-118.5021527
Los Angeles - Green Meadows,10,46.01,2020-04-05T00:00:00Z,33.9555555,-118.2693774
Los Angeles - Hancock Park,38,231.35,2020-04-05T00:00:00Z,34.0723327,-118.3286614
Los Angeles - Harbor City,19,65.61,2020-04-05T00:00:00Z,33.7906551,-118.2965084
Los Angeles - Harbor Gateway,18,41.19,2020-04-05T00:00:00Z,33.8405268,-118.3023579
Los Angeles - Harbor Pines,0,0,2020-04-05T00:00:00Z,33.7824015,-118.3038193
Los Angeles - Harvard Heights,9,48.92,2020-04-05T00:00:00Z,34.0422222,-118.3041667
Los Angeles - Harvard Park,16,40.36,2020-04-05T00:00:00Z,33.9836829,-118.3043271
Los Angeles - Highland Park,19,39.45,2020-04-05T00:00:00Z,34.1154946,-118.1843898
Los Angeles - Historic Filipinotown,8,56.52,2020-04-05T00:00:00Z,34.0702694,-118.2680383
Los Angeles - Hollywood,96,147.82,2020-04-05T00:00:00Z,34.0928092,-118.3286614
Los Angeles - Hollywood Hills,39,135.06,2020-04-05T00:00:00Z,34.1176605,-118.3520389
Los Angeles - Hyde Park,14,47.64,2020-04-05T00:00:00Z,33.980569,-118.3306308
Los Angeles - Jefferson Park,NA,NA,2020-04-05T00:00:00Z,34.0272344,-118.3175756
Los Angeles - Koreatown,32,60.83,2020-04-05T00:00:00Z,34.0597117,-118.3008918
Los Angeles - Lafayette Square,5,108.08,2020-04-05T00:00:00Z,34.0430556,-118.3319444
Los Angeles - Lake Balboa,25,60.01,2020-04-05T00:00:00Z,34.2010832,-118.5010942
Los Angeles - Lakeview Terrace,10,74.84,2020-04-05T00:00:00Z,34.2763908,-118.3611912
Los Angeles - Leimert Park,17,112.53,2020-04-05T00:00:00Z,34.0106702,-118.3234759
Los Angeles - Lincoln Heights,11,33.28,2020-04-05T00:00:00Z,34.0736835,-118.2117682
Los Angeles - Little Armenia,16,211.36,2020-04-05T00:00:00Z,34.0981274,-118.3005333
Los Angeles - Little Bangladesh,16,55.04,2020-04-05T00:00:00Z,34.0690781,-118.2968774
Los Angeles - Little Tokyo,NA,NA,2020-04-05T00:00:00Z,34.0523392,-118.2395052
Los Angeles - Longwood,NA,NA,2020-04-05T00:00:00Z,34.055125,-118.3393745
Los Angeles - Los Feliz,19,89.03,2020-04-05T00:00:00Z,34.1063307,-118.2848199
Los Angeles - Manchester Square,NA,NA,2020-04-05T00:00:00Z,33.899321,-118.297679
Los Angeles - Mandeville Canyon,NA,NA,2020-04-05T00:00:00Z,34.0964803,-118.5024535
Los Angeles - Mar Vista,25,59.68,2020-04-05T00:00:00Z,34.0152567,-118.4338345
Los Angeles - Marina Peninsula,6,136.58,2020-04-05T00:00:00Z,33.9796978,-118.4656574
Los Angeles - Melrose,140,180.33,2020-04-05T00:00:00Z,34.0834668,-118.3385396
Los Angeles - Mid-city,21,139.42,2020-04-05T00:00:00Z,34.0416097,-118.3286614
Los Angeles - Miracle Mile,17,96.22,2020-04-05T00:00:00Z,34.059534,-118.3491169
Los Angeles - Mission Hills,12,50.05,2020-04-05T00:00:00Z,34.2722582,-118.4688776
Los Angeles - Mt. Washington,8,33.43,2020-04-05T00:00:00Z,34.0991764,-118.2203511
Los Angeles - North Hills,22,36.11,2020-04-05T00:00:00Z,34.235822,-118.4849365
Los Angeles - North Hollywood,91,60.12,2020-04-05T00:00:00Z,34.187044,-118.3812562
Los Angeles - Northridge,23,33.95,2020-04-05T00:00:00Z,34.2381251,-118.530123
Los Angeles - Pacific Palisades,26,125.58,2020-04-05T00:00:00Z,34.0356331,-118.5155901
Los Angeles - Pacoima,30,37.53,2020-04-05T00:00:00Z,34.2767691,-118.4104684
Los Angeles - Palisades Highlands,NA,NA,2020-04-05T00:00:00Z,34.0356331,-118.5155901
Los Angeles - Palms,41,90.79,2020-04-05T00:00:00Z,34.0244133,-118.4075474
Los Angeles - Panorama City,33,43.42,2020-04-05T00:00:00Z,34.227617,-118.442425
Los Angeles - Park La Brea,8,58.89,2020-04-05T00:00:00Z,34.0700469,-118.3552194
Los Angeles - Pico-Union,21,49.29,2020-04-05T00:00:00Z,34.0442532,-118.2892349
Los Angeles - Playa Del Rey,NA,NA,2020-04-05T00:00:00Z,33.9564194,-118.4422317
Los Angeles - Playa Vista,8,80.13,2020-04-05T00:00:00Z,33.9753949,-118.4192311
Los Angeles - Porter Ranch,21,63.24,2020-04-05T00:00:00Z,34.2822134,-118.5506158
Los Angeles - Rancho Park,7,104.48,2020-04-05T00:00:00Z,34.0454302,-118.4206915
Los Angeles - Regent Square,NA,NA,2020-04-05T00:00:00Z,34.0243952,-118.4027911
Los Angeles - Reseda,38,50.16,2020-04-05T00:00:00Z,34.2011141,-118.5360517
Los Angeles - Reseda Ranch,NA,NA,2020-04-05T00:00:00Z,34.1279987,-118.3158935
Los Angeles - Reynier Village,NA,NA,2020-04-05T00:00:00Z,34.0367653,-118.3855613
Los Angeles - San Pedro,26,33.41,2020-04-05T00:00:00Z,33.7360619,-118.2922461
Los Angeles - Shadow Hills,5,108.89,2020-04-05T00:00:00Z,34.2575262,-118.3549609
Los Angeles - Sherman Oaks,56,65.91,2020-04-05T00:00:00Z,34.1489719,-118.451357
Los Angeles - Silverlake,55,127.35,2020-04-05T00:00:00Z,34.0869409,-118.2702036
Los Angeles - South Carthay,20,188.75,2020-04-05T00:00:00Z,34.0561214,-118.3734109
Los Angeles - South Park,22,56.28,2020-04-05T00:00:00Z,33.996523,-118.2739662
Los Angeles - St Elmo Village,NA,NA,2020-04-05T00:00:00Z,34.043142,-118.343027
Los Angeles - Studio City,21,98.12,2020-04-05T00:00:00Z,34.1395597,-118.3870991
Los Angeles - Sun Valley,18,32.61,2020-04-05T00:00:00Z,34.2279298,-118.3812562
Los Angeles - Sunland,13,63.38,2020-04-05T00:00:00Z,34.2596475,-118.3082747
Los Angeles - Sycamore Square,0,0,2020-04-05T00:00:00Z,34.0623863,-118.3429406
Los Angeles - Sylmar,61,73.72,2020-04-05T00:00:00Z,34.3058279,-118.4571974
Los Angeles - Tarzana,37,122.41,2020-04-05T00:00:00Z,34.1494848,-118.5506158
Los Angeles - Temple-Beaudry,24,61.56,2020-04-05T00:00:00Z,34.062889,-118.251274
Los Angeles - Thai Town,5,51.67,2020-04-05T00:00:00Z,34.1018097,-118.3035723
Los Angeles - Toluca Lake,6,73,2020-04-05T00:00:00Z,34.1501794,-118.3549609
Los Angeles - Toluca Terrace,0,0,2020-04-05T00:00:00Z,34.1667984,-118.3589046
Los Angeles - Toluca Woods,0,0,2020-04-05T00:00:00Z,34.1605876,-118.3593437
Los Angeles - Tujunga,10,35.49,2020-04-05T00:00:00Z,34.2596475,-118.3082747
Los Angeles - University Hills,0,0,2020-04-05T00:00:00Z,34.0666868,-118.1682384
Los Angeles - University Park,16,59.43,2020-04-05T00:00:00Z,34.0309703,-118.2789735
Los Angeles - Valley Glen,21,70.36,2020-04-05T00:00:00Z,34.186682,-118.4138149
Los Angeles - Valley Village,30,128.05,2020-04-05T00:00:00Z,34.1633045,-118.3841777
Los Angeles - Van Nuys,36,38.77,2020-04-05T00:00:00Z,34.1898566,-118.451357
Los Angeles - Venice,25,73.24,2020-04-05T00:00:00Z,33.9850469,-118.4694832
Los Angeles - Vermont Knolls,12,67.15,2020-04-05T00:00:00Z,33.9273339,-118.2892821
Los Angeles - Vermont Square,6,78.53,2020-04-05T00:00:00Z,34.0037041,-118.3002039
Los Angeles - Vermont Vista,14,33.6,2020-04-05T00:00:00Z,33.9454927,-118.2826668
Los Angeles - Vernon Central,21,38.8,2020-04-05T00:00:00Z,34.003903,-118.230073
Los Angeles - Victoria Park,11,128.38,2020-04-05T00:00:00Z,34.0470219,-118.3319176
Los Angeles - View Heights,NA,NA,2020-04-05T00:00:00Z,33.9843537,-118.3476559
Los Angeles - Watts,15,34.16,2020-04-05T00:00:00Z,33.9386361,-118.2380432
Los Angeles - Wellington Square,0,0,2020-04-05T00:00:00Z,34.0391736,-118.3342874
Los Angeles - West Adams,21,74.68,2020-04-05T00:00:00Z,34.0324983,-118.362691
Los Angeles - West Hills,18,46,2020-04-05T00:00:00Z,34.1973122,-118.6439809
Los Angeles - West Los Angeles,29,77.35,2020-04-05T00:00:00Z,34.0412085,-118.442596
Los Angeles - West Vernon,27,49.72,2020-04-05T00:00:00Z,34.0037171,-118.3034631
Los Angeles - Westchester,24,47.25,2020-04-05T00:00:00Z,33.9625905,-118.3987842
Los Angeles - Westlake,31,52.83,2020-04-05T00:00:00Z,34.0580432,-118.2731269
Los Angeles - Westwood,27,49.61,2020-04-05T00:00:00Z,34.0635016,-118.4455164
Los Angeles - Wholesale District,12,31.42,2020-04-05T00:00:00Z,34.0418947,-118.2326448
Los Angeles - Wilmington,19,33.17,2020-04-05T00:00:00Z,33.7857948,-118.2643567
Los Angeles - Wilshire Center,23,44.69,2020-04-05T00:00:00Z,34.0653805,-118.3003689
Los Angeles - Winnetka,29,56.82,2020-04-05T00:00:00Z,34.2048586,-118.5739621
Los Angeles - Woodland Hills,47,72.82,2020-04-05T00:00:00Z,34.165357,-118.6089752
Unincorporated - Acton,NA,NA,2020-04-05T00:00:00Z,34.469994,-118.1967418
Unincorporated - Agua Dulce,NA,NA,2020-04-05T00:00:00Z,34.4963817,-118.3256348
Unincorporated - Altadena,25,58.87,2020-04-05T00:00:00Z,34.197528,-118.159229
Unincorporated - Anaverde,0,0,2020-04-05T00:00:00Z,34.5532566,-118.1520359
Unincorporated - Angeles National Forest,0,0,2020-04-05T00:00:00Z,34.3166567,-118.0057775
Unincorporated - Arcadia,0,0,2020-04-05T00:00:00Z,34.1397292,-118.0353449
Unincorporated - Athens-Westmont,22,52.83,2020-04-05T00:00:00Z,33.9399781,-118.3046915
Unincorporated - Athens Village,NA,NA,2020-04-05T00:00:00Z,33.9200153,-118.2811844
Unincorporated - Avocado Heights,0,0,2020-04-05T00:00:00Z,34.0361217,-117.9911765
Unincorporated - Azusa,NA,NA,2020-04-05T00:00:00Z,34.1336186,-117.9075627
Unincorporated - Bassett,NA,NA,2020-04-05T00:00:00Z,34.0538921,-117.9867619
Unincorporated - Bouquet Canyon,0,0,2020-04-05T00:00:00Z,34.524126,-118.4414399
Unincorporated - Bradbury,0,0,2020-04-05T00:00:00Z,34.1469511,-117.9708982
Unincorporated - Canyon Country,8,113.01,2020-04-05T00:00:00Z,34.0558519,-118.244254
Unincorporated - Castaic,5,17.65,2020-04-05T00:00:00Z,34.442036,-118.610512
Unincorporated - Cerritos,0,0,2020-04-05T00:00:00Z,33.8583483,-118.0647871
Unincorporated - Claremont,0,0,2020-04-05T00:00:00Z,34.0966764,-117.7197785
Unincorporated - Covina,10,59.92,2020-04-05T00:00:00Z,34.0900091,-117.8903397
Unincorporated - Covina (Charter Oak),NA,NA,2020-04-05T00:00:00Z,34.099440800000004,-117.8463974
Unincorporated - Del Aire,NA,NA,2020-04-05T00:00:00Z,33.9161251,-118.3695196
Unincorporated - Del Rey,0,0,2020-04-05T00:00:00Z,33.9859958,-118.4249118
Unincorporated - Del Sur,0,0,2020-04-05T00:00:00Z,34.0920367,-118.3090354
Unincorporated - Desert View Highlands,0,0,2020-04-05T00:00:00Z,34.5908225,-118.1525735
Unincorporated - Duarte,0,0,2020-04-05T00:00:00Z,34.1394513,-117.9772873
Unincorporated - East Covina,0,0,2020-04-05T00:00:00Z,34.1042851,-117.8643359
Unincorporated - East La Mirada,NA,NA,2020-04-05T00:00:00Z,33.9244577,-117.9889525
Unincorporated - East Lancaster,0,0,2020-04-05T00:00:00Z,34.6867846,-118.1541632
Unincorporated - East Los Angeles,44,34.65,2020-04-05T00:00:00Z,34.0224417,-118.1669736
Unincorporated - East Pasadena,0,0,2020-04-05T00:00:00Z,34.1382378,-118.0742249
Unincorporated - East Rancho Dominguez,6,37.24,2020-04-05T00:00:00Z,33.8962011,-118.1933729
Unincorporated - East Whittier,NA,NA,2020-04-05T00:00:00Z,33.9244577,-117.9889525
Unincorporated - El Camino Village,NA,NA,2020-04-05T00:00:00Z,33.8894595,-118.3309073
Unincorporated - El Monte,0,0,2020-04-05T00:00:00Z,34.0686206,-118.0275667
Unincorporated - Elizabeth Lake,0,0,2020-04-05T00:00:00Z,34.6598339,-118.3920165
Unincorporated - Florence-Firestone,35,53.21,2020-04-05T00:00:00Z,33.9475714,-118.253333
Unincorporated - Glendora,0,0,2020-04-05T00:00:00Z,34.1361187,-117.865339
Unincorporated - Hacienda Heights,17,31.12,2020-04-05T00:00:00Z,33.9930677,-117.9686755
Unincorporated - Hawthorne,NA,NA,2020-04-05T00:00:00Z,33.9164032,-118.3525748
Unincorporated - Hi Vista,0,0,2020-04-05T00:00:00Z,34.734986,-117.777285
Unincorporated - Kagel/Lopez Canyons,0,0,2020-04-05T00:00:00Z,34.3005529,-118.3760984
Unincorporated - La Crescenta-Montrose,5,25.3,2020-04-05T00:00:00Z,34.228754,-118.2351192
Unincorporated - La Habra Heights,0,0,2020-04-05T00:00:00Z,33.9608461,-117.9506186
Unincorporated - La Rambla,NA,NA,2020-04-05T00:00:00Z,34.0522342,-118.2436849
Unincorporated - La Verne,NA,NA,2020-04-05T00:00:00Z,34.1008426,-117.7678355
Unincorporated - Ladera Heights,10,168.35,2020-04-05T00:00:00Z,33.9877762,-118.3703703
Unincorporated - Lake Hughes,0,0,2020-04-05T00:00:00Z,34.6773324,-118.4525466
Unincorporated - Lake Los Angeles,NA,NA,2020-04-05T00:00:00Z,34.6124905,-117.8281193
Unincorporated - Lake Manor,NA,NA,2020-04-05T00:00:00Z,34.2381536,-118.6377042
Unincorporated - Lakewood,0,0,2020-04-05T00:00:00Z,33.8529735,-118.1613914
Unincorporated - Lennox,15,63.6,2020-04-05T00:00:00Z,33.9380695,-118.3525752
Unincorporated - Leona Valley,0,0,2020-04-05T00:00:00Z,34.618321,-118.288133
Unincorporated - Littlerock,0,0,2020-04-05T00:00:00Z,34.521104,-117.9836793
Unincorporated - Littlerock/Juniper Hills,0,0,2020-04-05T00:00:00Z,34.4441629,-117.9353438
Unincorporated - Littlerock/Pearblossom,NA,NA,2020-04-05T00:00:00Z,34.521104,-117.9836793
Unincorporated - Llano,0,0,2020-04-05T00:00:00Z,34.5058282,-117.8178409
Unincorporated - Long Beach,0,0,2020-04-05T00:00:00Z,33.7700504,-118.1937395
Unincorporated - Marina del Rey,5,54.51,2020-04-05T00:00:00Z,33.9802893,-118.4517449
Unincorporated - Monrovia,NA,NA,2020-04-05T00:00:00Z,34.1442616,-118.0019482
Unincorporated - Newhall,0,0,2020-04-05T00:00:00Z,34.3916641,-118.542586
Unincorporated - North Lancaster,0,0,2020-04-05T00:00:00Z,34.6867846,-118.1541632
Unincorporated - North Whittier,NA,NA,2020-04-05T00:00:00Z,34.0736769,-118.4188281
Unincorporated - Northeast San Gabriel,NA,NA,2020-04-05T00:00:00Z,34.0961111,-118.1058333
Unincorporated - Padua Hills,0,0,2020-04-05T00:00:00Z,34.1508751,-117.7016907
Unincorporated - Palmdale,0,0,2020-04-05T00:00:00Z,34.5794343,-118.1164613
Unincorporated - Palos Verdes Peninsula,0,0,2020-04-05T00:00:00Z,33.7683844,-118.3492165
Unincorporated - Pearblossom/Llano,0,0,2020-04-05T00:00:00Z,34.5024944,-117.8969522
Unincorporated - Pellissier Village,0,0,2020-04-05T00:00:00Z,34.0522342,-118.2436849
Unincorporated - Placerita Canyon,0,0,2020-04-05T00:00:00Z,34.3779607,-118.4675271
Unincorporated - Pomona,0,0,2020-04-05T00:00:00Z,34.055103,-117.7499909
Unincorporated - Quartz Hill,NA,NA,2020-04-05T00:00:00Z,34.6452645,-118.2181308
Unincorporated - Rancho Dominguez,NA,NA,2020-04-05T00:00:00Z,33.8508097,-118.224885
Unincorporated - Roosevelt,0,0,2020-04-05T00:00:00Z,33.864738,-118.3036841
Unincorporated - Rosewood,NA,NA,2020-04-05T00:00:00Z,34.0522342,-118.2436849
Unincorporated - Rosewood/East Gardena,0,0,2020-04-05T00:00:00Z,33.8883487,-118.3089624
Unincorporated - Rosewood/West Rancho Dominguez,0,0,2020-04-05T00:00:00Z,33.8939048,-118.2706282
Unincorporated - Rowland Heights,8,15.73,2020-04-05T00:00:00Z,33.9761238,-117.9053395
Unincorporated - San Jose Hills,0,0,2020-04-05T00:00:00Z,34.0098285,-117.9090408
Unincorporated - San Pasqual,0,0,2020-04-05T00:00:00Z,34.1378448,-118.0987702
Unincorporated - Sand Canyon,0,0,2020-04-05T00:00:00Z,34.0919452,-118.6021321
Unincorporated - Santa Catalina Island,NA,NA,2020-04-05T00:00:00Z,33.3878856,-118.4163103
Unincorporated - Santa Monica Mountains,5,26.48,2020-04-05T00:00:00Z,34.1029163,-118.7074214
Unincorporated - Saugus,NA,NA,2020-04-05T00:00:00Z,34.4135244,-118.5404007
Unincorporated - Saugus/Canyon Country,0,0,2020-04-05T00:00:00Z,34.3916641,-118.542586
Unincorporated - South Antelope Valley,0,0,2020-04-05T00:00:00Z,34.75444,-118.28861
Unincorporated - South El Monte,0,0,2020-04-05T00:00:00Z,34.0519548,-118.0467339
Unincorporated - South San Gabriel,5,58.2,2020-04-05T00:00:00Z,34.0492126,-118.0949198
Unincorporated - South Whittier,15,25.75,2020-04-05T00:00:00Z,33.9510283,-118.0402852
Unincorporated - Southeast Antelope Valley,0,0,2020-04-05T00:00:00Z,34.7513712,-118.2522977
Unincorporated - Stevenson Ranch,7,34.15,2020-04-05T00:00:00Z,34.3931105,-118.5907538
Unincorporated - Sun Village,NA,NA,2020-04-05T00:00:00Z,34.5579112,-117.9581853
Unincorporated - Sunrise Village,0,0,2020-04-05T00:00:00Z,33.9766398,-118.4139343
Unincorporated - Twin Lakes/Oat Mountain,NA,NA,2020-04-05T00:00:00Z,34.2780578,-118.6014769
Unincorporated - Val Verde,0,0,2020-04-05T00:00:00Z,34.4449952,-118.657589
Unincorporated - Valencia,NA,NA,2020-04-05T00:00:00Z,34.456151,-118.5713823
Unincorporated - Valinda,6,25.7,2020-04-05T00:00:00Z,34.0452924,-117.9430983
Unincorporated - View Park/Windsor Hills,12,118.81,2020-04-05T00:00:00Z,33.9942689,-118.344711
Unincorporated - Walnut Park,7,43.78,2020-04-05T00:00:00Z,33.9688867,-118.2224284
Unincorporated - West Antelope Valley,NA,NA,2020-04-05T00:00:00Z,34.0920367,-118.3090354
Unincorporated - West Carson,20,91.23,2020-04-05T00:00:00Z,33.8216836,-118.2925722
Unincorporated - West LA,NA,NA,2020-04-05T00:00:00Z,34.0412085,-118.442596
Unincorporated - West Puente Valley,NA,NA,2020-04-05T00:00:00Z,34.0561121,-117.9684985
Unincorporated - West Rancho Dominguez,NA,NA,2020-04-05T00:00:00Z,33.8939048,-118.2706282
Unincorporated - West Whittier/Los Nietos,8,30.11,2020-04-05T00:00:00Z,33.9800552,-118.0679147
Unincorporated - Westfield/Academy Hills,0,0,2020-04-05T00:00:00Z,34.0736204,-118.4003563
Unincorporated - Westhills,0,0,2020-04-05T00:00:00Z,34.1973122,-118.6439809
Unincorporated - White Fence Farms,0,0,2020-04-05T00:00:00Z,34.6560661,-118.2120763
Unincorporated - Whittier,NA,NA,2020-04-05T00:00:00Z,33.9510283,-118.0402852
Unincorporated - Willowbrook,12,34.7,2020-04-05T00:00:00Z,33.9169602,-118.2550726
Unincorporated - Wiseburn,NA,NA,2020-04-05T00:00:00Z,33.9161251,-118.3695196
- Under Investigation,614,NA,2020-04-05T00:00:00Z,NA,NA
